{
  "interactionModel": {
    "languageModel": {
      "invocationName": "flight trip planner",
      "intents": [
        {
          "name": "AMAZON.CancelIntent",
          "samples": [
            "cancel"
          ]
        },
        {
          "name": "AMAZON.HelpIntent",
          "samples": [
            "yes",
            "guide me",
            "help me",
            "help"
          ]
        },
        {
          "name": "AMAZON.StopIntent",
          "samples": [
            "finish",
            "end",
            "bye",
            "stop"
          ]
        },
        {
          "name": "HelloWorldIntent",
          "slots": [],
          "samples": [
            "hey",
            "hello",
            "how are you",
            "hi"
          ]
        },
        {
          "name": "AMAZON.NavigateHomeIntent",
          "samples": []
        },
        {
          "name": "AMAZON.FallbackIntent",
          "samples": []
        },
        {
          "name": "SearchCheapestFlightIntent",
          "slots": [
            {
              "name": "ToCity",
              "type": "AMAZON.US_CITY"
            },
            {
              "name": "FromCity",
              "type": "AMAZON.US_CITY"
            }
          ],
          "samples": [
            "to {ToCity} from {FromCity}",
            "from {FromCity} to {ToCity}",
            "I\u0027d like to fly out of {FromCity} to {ToCity}",
            "Take me to {ToCity} from {FromCity}",
            "Plan a flight trip to {ToCity} from {FromCity}",
            "Tell me the cheapest flight to {ToCity} from {FromCity}",
            "Please check whether any flights are available from {FromCity} to {ToCity}",
            "What is the cheapest flight to {ToCity} from {FromCity}",
            "Are any flights available from {FromCity} to {ToCity}",
            "Check flights from {FromCity} to {ToCity}",
            "Search for flights from {FromCity} to {ToCity}",
            "Plan my trip from {FromCity} to {ToCity}",
            "I would like to travel from {FromCity} to {ToCity}",
            "I want to travel to {ToCity} from {FromCity}"
          ]
        },
        {
          "name": "WhereToGoVacationIntent",
          "slots": [
            {
              "name": "FromCity",
              "type": "AMAZON.US_CITY"
            },
            {
              "name": "NumCities",
              "type": "AMAZON.NUMBER"
            },
            {
              "name": "NumDays",
              "type": "AMAZON.NUMBER"
            },
            {
              "name": "DurationAmount",
              "type": "DurationAmount"
            }
          ],
          "samples": [
            "What are the places to visit from {FromCity}",
            "Let me know any {NumCities} places to visit via {FromCity}",
            "Let me know the places to visit via {FromCity}",
            "Where can I go from {FromCity}",
            "Which are the possible destinations I can go to from {FromCity}",
            "I need a {DurationAmount} trip Plan it from {FromCity}",
            "When should I go for a family trip from {FromCity} I have {NumDays} days of leave",
            "Take me away from {FromCity} on a {DurationAmount} trip",
            "Plan my vacation from {FromCity} I need a {NumDays} day trip",
            "Where can I go on a vacation from {FromCity} Tell me {NumCities} cities"
          ]
        }
      ],
      "types": [
        {
          "values": [
            {
              "name": {
                "value": "long",
                "synonyms": [
                  "large",
                  "big"
                ]
              }
            },
            {
              "name": {
                "value": "short",
                "synonyms": [
                  "small",
                  "brief"
                ]
              }
            }
          ],
          "name": "DurationAmount"
        }
      ]
    }
  },
  "version": "7"
}